,time,G,X,I
0,0,13.0,0.0,0.5
1,1,13.5,0.0065,0.45751120370370374
2,2,13.858614712250356,0.012285145648148147,0.4190682913237312
3,3,14.085495165630105,0.01742590479415295,0.3842610283339999
4,4,14.191980084534174,0.021985650542641122,0.3527230840184467
5,5,14.19039011898459,0.0260214093713149,0.32412664507233047
6,6,14.093440217924615,0.029584520522972325,0.2981777083080378
7,7,13.913771314545624,0.032721217717902505,0.27461204312010745
8,8,13.663594339214066,0.035473143835516335,0.25319176839094715
9,9,13.354434567666974,0.037877808228710744,0.23370246371943126
10,10,12.996961794891707,0.03996899505134558,0.2159507265696169
11,11,12.600891145354414,0.04177712962046696,0.19976209001659528
12,12,12.17493990453969,0.043329608550171025,0.1849792255719367
13,13,11.726827103925372,0.04465109826885193,0.17146036844640167
14,14,11.263304340696838,0.04576380560193385,0.1590779159852224
15,15,10.790208197100773,0.046687723369693394,0.14771716230294735
16,16,10.31252646290002,0.04744085339538938,0.13727514253490442
17,17,9.834472048616865,0.048039408913458405,0.1276595683426045
18,18,9.359559950289182,0.0484979980790758,0.11878784243977214
19,19,8.89068386831352,0.048829790078815945,0.11058614421266244
20,20,8.430190097739235,0.049046665201610155,0.10298858133926789
21,21,7.979947113607965,0.04915935012898038,0.09593640401935877
22,22,7.541409898414531,0.049177539628007534,0.08937727932883627
23,23,7.1156785278072086,0.04911000576858222,0.08326462357210762
24,24,6.703550872990127,0.04896469573080506,0.07755699053187078
25,25,6.305569519345672,0.04874881921444925,0.07221751335962674
26,26,5.922063162768021,0.048468926407763166,0.06721339761911968
27,27,5.553182846831764,0.04813097741661764,0.06251546275849615
28,28,5.198933460588722,0.04774040399706265,0.05809772908697211
29,29,4.859200940810391,0.047302164375266714,0.05393704718962515
30,30,4.533775623533925,0.046820791879350177,0.0500127666371188
31,31,4.222372175253911,0.046300438048648966,0.04630644083430151
32,32,3.9246465096296794,0.04574491082827866,0.042801564896026836
33,33,3.6402100652842284,0.04515770840122004,0.03948334353087807
34,34,3.3686417871418235,0.04454204915709096,0.036338486043524826
35,35,3.1094981198857794,0.043900898246729506,0.03335502572420042
36,36,2.8623212889412173,0.04323699112497587,0.030522161070170722
37,37,2.626646112822838,0.0425528544407637,0.027830116471198405
38,38,2.402005561289867,0.04185082459387019,0.02527002018236313
39,39,2.187935246809726,0.04113306424139416,0.022833797597969392
40,40,1.983977012453674,0.0404015770041329,0.020514078025661398
41,41,1.7896817575103057,0.03965822059336318,0.018304113337338297
42,42,1.6046116227028118,0.0389047185519145,0.016197707040996982
43,43,1.4283416397793038,0.0381426707796496,0.014189152473941962
44,44,1.2604609352306624,0.03737356299231961,0.012273178962207795
45,45,1.1005735647841897,0.03659877524402032,0.010444904923318683
46,46,0.9482990439299835,0.03581958962692296,0.008699797009792974
47,47,0.8032726298730567,0.035037197247377194,0.007033634499474374
48,48,0.6651454017913525,0.03425270456468593,0.005442478236402205
49,49,0.5335841789548535,0.03346713916764201,0.003922643513201807
50,50,0.40827130997541566,0.032681455054122587,0.00247067636363238
51,51,0.2889043610769641,0.03189653747049674,0.0010833328027524739
52,52,0.175195726681824,0.031113207360170106,-0.00024243938706584961
53,53,0.06687218169535822,0.030332225464133996,-0.0015095166725616123
54,54,-0.03632560845549211,0.029554296110787345,-0.002720613889813138
55,55,-0.13464360679546217,0.02878007072745009,-0.0038782967285829638
56,56,-0.22831494193906143,0.028010151101792263,-0.004984992805270844
57,57,-0.31756045456200765,0.027245092417778935,-0.006043001517784442
58,58,-0.40258924607181984,0.026485406087603264,-0.0070545028485563335
59,59,-0.48359922376911674,0.025731562398381952,-0.008021565258466869
60,60,-0.5607776379853953,0.024983992990062334,-0.00894615279413489
61,61,-0.6343016076803331,0.024243093178987023,-0.009830131513517444
62,62,-0.7043386318116286,0.02350922413983662,-0.010675275319663457
63,63,-0.771047084478509,0.02278271495718508,-0.011483271279482257
64,64,-0.8345766924080793,0.022063864556622185,-0.012255724493239167
65,65,-0.8950689938202905,0.02135294352429452,-0.012994162570933384
66,66,-0.952657778088363,0.020650195822765022,-0.01370003976353365
67,67,-1.0074695059205807,0.01995584041026996,-0.0143747407900571
68,68,-1.0596237100380084,0.019270072769742467,-0.015019584395511749
69,69,-1.1092333765207094,0.01859306635335725,-0.015635826669640574
70,70,-1.156405307150775,0.017924973947817995,-0.01622466415208017
71,71,-1.2012404632010005,0.017265928965145505,-0.01678723674587169
72,72,-1.2438342912093487,0.016616046663320533,-0.01732463045814255
73,73,-1.284277031346472,0.015975425300781665,-0.01783787998413304
74,74,-1.3226540090308265,0.015344147228468392,-0.018327971148502965
75,75,-1.3590459104768715,0.014722279922826145,-0.01879584321595935
76,76,-1.3935290428795721,0.014109876962948019,-0.019242391081645455
77,77,-1.4261755799454299,0.013506978954812928,-0.019668467350379353
78,78,-1.4570537934787084,0.012913614405387673,-0.02007488431268921
79,79,-1.4862282717231592,0.012329800549188022,-0.020462415824629453
80,80,-1.513760125145901,0.011755544129738138,-0.020831799097549574
81,81,-1.539707180332365,0.011190842138226539,-0.021183736403301578
82,82,-1.5641241626404443,0.010635682511527956,-0.02151889669979297
83,83,-1.5870628682389862,0.010090044791642449,-0.021837917181302572
84,84,-1.608572326131266,0.009553900748494455,-0.022141404757561736
85,85,-1.6286989507386191,0.00902721496793379,-0.022429937465251487
86,86,-1.647486685593456,0.008509945406687177,-0.02270406581526652
87,87,-1.6649771386648036,0.008002043915921532,-0.022964314078840732
88,88,-1.6812097098136094,0.007503456734998564,-0.023211181515409136
89,89,-1.6962217108495228,0.007014124956923281,-0.023445143544891075
90,90,-1.7100484786359351,0.006533984966916615,-0.023666652866914765
91,91,-1.722723481665833,0.006062968855473807,-0.02387614052935879
92,92,-1.7342784205076056,0.005601004807205298,-0.024074016948458787
93,93,-1.7447433224974171,0.005148017466695201,-0.02426067288261436
94,94,-1.7541466310331573,0.004703928282553834,-0.024436480361929365
95,95,-1.7625152898043384,0.004268655830784906,-0.024601793575426665
96,96,-1.7698748222726393,0.0038421161185347367,-0.02475694971779407
97,97,-1.776249406699093,0.0034242228692400456,-0.024902269797440483
98,98,-1.7816619469961674,0.0030148877901423183,-0.025038059407568775
99,99,-1.7861341396661858,0.002614020823090366,-0.025164609461904276
100,100,-1.7896865370716464,0.002221530379508351,-0.025282196896653446
101,101,-1.7923386072679894,0.0018373235603641477,-0.02539108534020666
102,102,-1.7941087906152162,0.0014613063619323577,-0.02549152575204083
103,103,-1.7950145533714292,0.001093383868107518,-0.025583757032221762
104,104,-1.7950724384588175,0.0007334604299859473,-0.02566800660285264
105,105,-1.7942981135808058,0.00038143983339921424,-0.02574449096276305
106,106,-1.7927064168579987,3.722545504831424e-05,-0.025813416216682983
107,107,-1.7903114001401255,-0.0002992795921447724,-0.025874978580097508
108,108,-1.7871263701414144,-0.0006281723238824206,-0.02592936486093082
109,109,-1.7831639275376403,-0.0009495497589774608,-0.025976752919162432
110,110,-1.7784360041544762,-0.0012635088029521358,-0.026017312105433964
111,111,-1.7729538983686957,-0.001570146140248974,-0.026051203679661666
112,112,-1.7667283088362002,-0.0018695581345783514,-0.026078581210627894
113,113,-1.7597693666537306,-0.0021618407369520553,-0.026099590957484008
114,114,-1.7520866660544627,-0.002447089400975546,-0.02611437223405753
115,115,-1.7436892937314297,-0.0027253990049939053,-0.026123057756818086
116,116,-1.7345858568768566,-0.0029968637807076927,-0.02612577397731934
117,117,-1.7247845100199861,-0.0032615772478951518,-0.02612264139989814
118,118,-1.7142929807408172,-0.003519632154896449,-0.02611377488537698
119,119,-1.7031185943323275,-0.003771120424533938,-0.026099283941482282
120,120,-1.6912682974792106,-0.004016133105159859,-0.026079273000658057
121,121,-1.6787486810168717,-0.004254760326539417,-0.026053841685922993
122,122,-1.6655660018304201,-0.00448709126029293,-0.026023085065388456
123,123,-1.6517262039496132,-0.004713214084635656,-0.02598709389602536
124,124,-1.637234938892151,-0.004933215953168095,-0.025945954857239387
125,125,-1.6220975853043735,-0.0051471829674830044,-0.02589975077478666
126,126,-1.6063192679452603,-0.005355200153368156,-0.025848560835535415
127,127,-1.5899048760566479,-0.005557351440395912,-0.025792460793553806
128,128,-1.5728590811597816,-0.0057537196447022135,-0.025731523167979425
129,129,-1.555186354315652,-0.005944386454768391,-0.025665817433102443
130,130,-1.5368909828840607,-0.006129432420029513,-0.025595410201071558
131,131,-1.5179770868139797,-0.006308936942142705,-0.02552036539761013
132,132,-1.4984486344955106,-0.006482978268758069,-0.025440744431108726
133,133,-1.4783094582016099,-0.006651633489643531,-0.025356606355440195
134,134,-1.4575632691457117,-0.006814978535023165,-0.025268008026823816
135,135,-1.436213672179437,-0.006973088175996295,-0.025175004255046467
136,136,-1.4142641801527367,-0.007126036026911991,-0.025077647949330813
137,137,-1.39171822795705,-0.007273894549580493,-0.024975990259123095
138,138,-1.3685791862703724,-0.007416735059209581,-0.02487008071005668
139,139,-1.344850375021521,-0.007554627731960077,-0.024759967335331506
140,140,-1.3205350765893282,-0.007687641614020384,-0.02464569680273423
141,141,-1.2956365487510209,-0.007815844632105419,-0.024527314537509143
142,142,-1.2701580373926082,-0.007939303605290403,-0.024404864841275846
143,143,-1.244102788992728,-0.00805808425809473,-0.024278391007176037
144,144,-1.2174740628900804,-0.00817225123473565,-0.024147935431418622
145,145,-1.1902751433432937,-0.008281868114475701,-0.024013539721379974
146,146,-1.1625093513908396,-0.008386997427991748,-0.023875244800403924
147,147,-1.134180056517411,-0.008487700674697205,-0.023733091009434642
148,148,-1.1052906881320268,-0.008584038340952425,-0.023587118205604298
149,149,-1.0758447468619992,-0.00867606991910147,-0.02343736585788679
150,150,-1.0458458156658184,-0.008763853927276462,-0.023283873139918542
151,151,-1.015297570766949,-0.008847447929913491,-0.023126679020077503
152,152,-0.9842037924095084,-0.008926908558926663,-0.022965822348902057
153,153,-0.9525683754358066,-0.009002291535489223,-0.02280134194392247
154,154,-0.9203953396847544,-0.009073651692372986,-0.02263327667196885
155,155,-0.8876888402092153,-0.009141042996799256,-0.02246166552901122
156,156,-0.8544531773094622,-0.009204518573756421,-0.022286547717579458
157,157,-0.8206928063790186,-0.009264130729741043,-0.022107962721803157
158,158,-0.7864123475583109,-0.009319930976880957,-0.021925950380104284
159,159,-0.7516165951907274,-0.00937197005740029,-0.0217405509555686
160,160,-0.7163105270748847,-0.009420297968387675,-0.021551805204015246
161,161,-0.6804993135061272,-0.009464963986830182,-0.021359754439777678
162,162,-0.6441883260995489,-0.009506016694876537,-0.021164440599203253
163,163,-0.607383146386112,-0.009543504005294266,-0.02096590630187326
164,164,-0.5700895741727579,-0.009577473187086261,-0.02076419490953991
165,165,-0.5323136356567606,-0.009607970891233124,-0.02055935058277198
166,166,-0.4940615912839573,-0.009635043176528331,-0.0203514183352963
167,167,-0.45533994333991107,-0.009658735535473976,-0.020140444086017922
168,168,-0.41615544326252174,-0.00967909292020536,-0.019926474708698166
169,169,-0.37651509866409544,-0.009696159768413303,-0.019709558079266064
170,170,-0.33642618005041874,-0.00970998002923343,-0.019489743120735578
171,171,-0.29589622722396386,-0.009720597189072156,-0.01926707984569821
172,172,-0.25493305535797045,-0.009728054297339429,-0.019041619396358064
173,173,-0.2135447607278182,-0.009732393992058597,-0.018813414082074372
174,174,-0.17173972608581867,-0.0097336585253241,-0.01858251741437468
175,175,-0.12952662566531847,-0.009731889788577868,-0.0183489841394005
176,176,-0.08691442979982146,-0.009727129337675628,-0.018112870267746228
177,177,-0.043912409142706596,-0.009719418417714438,-0.017874233101651395
178,178,-0.0005301384730413182,-0.009708797987593045,-0.017633131259506087
179,179,0.04322249992702818,-0.0096953087442768,-0.0173896246976293
180,180,0.08733531333778867,-0.009678991146739062,-0.01714377472928059
181,181,0.13179779612475193,-0.009659885439551234,-0.016305465625713503
182,182,0.17659912773294245,-0.009630359356696728,-0.01553863724425437
183,183,0.2216922908044702,-0.009591602656954615,-0.014836624202806369
184,184,0.26703399702764574,-0.009544688705167233,-0.014193384777613859
185,185,0.3125843722771423,-0.009490585489647032,-0.01360344264211974
186,186,0.3583066715144085,-0.009430165606753414,-0.0130618340438568
187,187,0.40416702011092337,-0.009364215309154716,-0.012564059911741303
188,188,0.4501341787088449,-0.009293442705278486,-0.012106042433600986
189,189,0.49617932911489465,-0.009218485189283336,-0.011684085686776235
190,190,0.5422758790459797,-0.009139916173479343,-0.011294839943605098
191,191,0.5883992838189607,-0.009058251188409227,-0.010935269308921573
192,192,0.6345268833102479,-0.008973953409714977,-0.010602622378707387
193,193,0.6806377527102485,-0.008887438665395299,-0.010294405638051956
194,194,0.7267125657686093,-0.00879907997205509,-0.010008359342875764
195,195,0.7727334693732792,-0.008709211644211097,-0.009742435653714016
196,196,0.818683968433432,-0.008618133016604102,-0.009494778811471217
197,197,0.8645488201463872,-0.008526111815738126,-0.00926370716465227
198,198,0.9103139368244492,-0.008433387213485152,-0.009047696875341113
199,199,0.9559662965412331,-0.008340172592527458,-0.00884536714730513
200,200,1.0014938609303683,-0.008246658050629239,-0.008655466834207865
201,201,1.0468854995339782,-0.00815301266820821,-0.00847686229915446
202,202,1.0921309201553093,-0.008059386561392013,-0.00830852640880109
203,203,1.1372206047203666,-0.007965912740671625,-0.008149528556147015
204,204,1.182145750198323,-0.007872708793384746,-0.007999025615999977
205,205,1.2268982141705453,-0.007779878406558127,-0.007856253746057728
206,206,1.2714704646739523,-0.0076875127450929245,-0.007720520954665841
207,207,1.3158555339766536,-0.007595691698876257,-0.007591200363672985
208,208,1.3600469759728324,-0.0075044850111320996,-0.0074677241014797155
209,209,1.4040388269100545,-0.007413953299173033,-0.00734957776742968
210,210,1.447825569185919,-0.007324148977670293,-0.007236295414180964
211,211,1.491402097972508,-0.007235117093612888,-0.007127454999672528
212,212,1.534763690446691,-0.00714689608126831,-0.007022674264814208
213,213,1.5779059774221904,-0.007059518444679187,-0.006921606997121531
214,214,1.620824917195627,-0.0069730113745247865,-0.006823939644228015
215,215,1.6635167714336636,-0.0068873973055366315,-0.006729388244573156
216,216,1.705978082942024,-0.006802694420077667,-0.006637695645616054
217,217,1.7482056551696836,-0.006718917102968734,-0.006548628982692082
218,218,1.790196533313014,-0.006636076352169513,-0.0064619773941393096
219,219,1.8319479868952293,-0.006554180149489086,-0.00637754995059692
220,220,1.873457493706186,-0.006473233795109619,-0.006295173778441113
221,221,1.9147227249965348,-0.006393240209351613,-0.006214692359194939
222,222,1.9557415318284397,-0.006314200204787357,-0.006135963988444947
223,223,1.996511932492675,-0.006236112731517457,-0.006058860379335767
224,224,2.0370321009088923,-0.006158975098160885,-0.005983265397108518
225,225,2.077300355932301,-0.006082783170869274,-0.005909073912413559
226,226,2.1173151514959456,-0.006007531552458919,-0.005836190762274792
227,227,2.157075067523253,-0.005933213743557019,-0.0057645298086223705
228,228,2.196578801550585,-0.0058598222874801835,-0.005694013085253333
229,229,2.2358251610042,-0.0057873489004014724,-0.005624570024934325
230,230,2.274813056080336,-0.005715784588215582,-0.005556136759135477
231,231,2.313541493181121,-0.005645119751378954,-0.005488655483587033
232,232,2.3520095688626697,-0.005575344278881112,-0.005422073883487269
233,233,2.390216464255135,-0.005506447632394418,-0.005356344612767705
234,234,2.4281614399175986,-0.005438418921550538,-0.005291424822345111
235,235,2.4658438310935833,-0.005371246971202261,-0.005227275732764447
236,236,2.503263043335626,-0.005304920381448142,-0.005163862247067152
237,237,2.5404185484698174,-0.005239427581123811,-0.005101152600109216
238,238,2.577309880873479,-0.005174756875397136,-0.005039118040907124
239,239,2.613936634041249,-0.005110896488044,-0.004977732544910284
240,240,2.6502984574167665,-0.005047834598926735,-0.004916972553389139
241,241,2.686395053468944,-0.004985559377147625,-0.004856816737391564
242,242,2.7222261749934438,-0.004924059010305026,-0.004797245783958942
243,243,2.757791622621502,-0.004863321730238866,-0.004738242202509718
244,244,2.7930912425196337,-0.004803335835615521,-0.004679790149494454
245,245,2.8281249242650452,-0.004744089711668561,-0.004621875269604201
246,246,2.862892598882769,-0.004685571847381701,-0.004564484551975225
247,247,2.897394237031621,-0.004627770850372836,-0.004507606199979184
248,248,2.931629847327105,-0.004570675459713245,-0.004451229513320304
249,249,2.965599474790309,-0.004514274556893577,-0.004395344781281092
250,250,2.999303199412696,-0.0044585571751278915,-0.004339943186066926
251,251,3.032741134827483,-0.004403512507168564,-0.004285016715298432
252,252,3.0659134270790354,-0.00434912991178823,-0.004230558082789894
253,253,3.098820253482362,-0.004295398919069793,-0.0041765606568329675
254,254,3.1314618215654315,-0.004242309234631877,-0.004123018395278288
255,255,3.1638383680875783,-0.004189850742904697,-0.004069925786774117
256,256,3.195950158127816,-0.0041380135095601435,-0.004017277797581408
257,257,3.2277974842373367,-0.004086787783189699,-0.003965069823439331
258,258,3.2593806656509345,-0.004036163996314667,-0.003913297646004722
259,259,3.2907000475524977,-0.003986132765804862,-0.003861957393433822
260,260,3.321756000390091,-0.00393668489277438,-0.003811045504715305
261,261,3.3525489192364972,-0.0038878113620163194,-0.003760558697400384
262,262,3.383079223191414,-0.003839503341032117,-0.003710493938409193
263,263,3.413347354821791,-0.0037917521787056334,-0.0036608484176228247
264,264,3.443353779637066,-0.0037445494036670896,-0.0036116195239978624
265,265,3.4730989855963217,-0.0036978867223873843,-0.0035628048239649867
266,266,3.502583482644595,-0.0036517560170392445,-0.003514402041895782
267,267,3.5318078022758064,-0.0036061493431579082,-0.003466409042442207
268,268,3.56077249711996,-0.003561058927130709,-0.003418823814571665
269,269,3.5894781405524547,-0.0035164771635418732,-0.003371644457137314
270,270,3.6179253263235096,-0.0034723966123961112,-0.003324869165838418
271,271,3.6461146682058634,-0.003428809996242108,-0.0032784962214392494
272,272,3.6740467996590533,-0.003385710197214766,-0.0032325239791274885
273,273,3.70172237350871,-0.003343090254013054,-0.0031869508589043257
274,274,3.7291420616394184,-0.003300943358828484,-0.0031417753369086523
275,275,3.756306554699826,-0.0032592628542375845,-0.003096995937586991
276,276,3.783216561818762,-0.0032180422300702757,-0.003052611226629154
277,277,3.8098728103312482,-0.0031772751202646977,-0.003008619804597215
278,278,3.8362760455133476,-0.003136955299717844,-0.0029650203011822316
279,279,3.8624270303249104,-0.003097076681140267,-0.0029218113700293672
280,280,3.888326545159321,-0.003057633311922142,-0.0028789916840777003
281,281,3.9139753875994403,-0.0030186193710170983,-0.0028365599313660934
282,282,3.9393743721790013,-0.00298002916584943,-0.0027945148112611083
283,283,3.9645243301487665,-0.0029418571292495884,-0.002752855031067151
284,284,3.9894261092468217,-0.0029040978164222215,-0.0027115793029827747
285,285,4.01408057347243,-0.0028667459019504423,-0.0026706863413705406
286,286,4.038488602862917,-0.002829796176839498,-0.0026301748603108953
287,287,4.062651093273099,-0.0027932435456025522,-0.002590043571413355
288,288,4.086568956156824,-0.002757083023390862,-0.002550291181860822
289,289,4.110243118350203,-0.0027213097331702813,-0.0025109163926651523
290,290,4.133674521856192,-0.002685918902945671,-0.0024719178971141795
291,291,4.156864123630157,-0.0026509058630345135,-0.0024332943793922875
292,292,4.17981289536615,-0.0026162660433907505,-0.0023950445133583183
293,293,4.2025218232836,-0.0025819949709796402,-0.002357166961466154
294,294,4.2249919079141875,-0.0025480882672042093,-0.002319660373814706
295,295,4.247224163888666,-0.002514541645383695,-0.0022825233873153003
296,296,4.269219619723448,-0.002481350908284202,-0.002245754624965595
297,297,4.290979317606761,-0.00244851194570165,-0.0022093526952202073
298,298,4.312504313184233,-0.002416020732096971,-0.002173316191449143
299,299,4.3337956753437545,-0.0023838733242833856,-0.0021376436914759874
300,300,4.35485448599951,-0.002352065859165489,-0.002102333757188565
301,301,4.375681839875068,-0.002320594551529803,-0.002067384934215476
302,302,4.396278844285439,-0.002289455691886359,-0.0020327957516625417
303,303,4.416646618918029,-0.002258645644360813,-0.0019985647219037473
304,304,4.4367862956124355,-0.0022281608446365416,-0.0019646903404218
305,305,4.456699018139022,-0.0021979977979461117,-0.0019311710856938558
306,306,4.476385941976241,-0.002168153077111479,-0.001898005419118409
307,307,4.495848234086683,-0.0021386233206322314,-0.0018651917849797051
308,308,4.51508707269183,-0.0021094052308211616,-0.001832728610446376
309,309,4.5341036470455025,-0.0020804955719864356,-0.00180061430560131
310,310,4.552899157206014,-0.0020518911686595916,-0.0017688472635000434
311,311,4.5714748138070185,-0.0020235889038686026,-0.0017374258602552138
312,312,4.589831837827105,-0.0019955857174552053,-0.001706348455144839
313,313,4.607971460358119,-0.0019678786044357082,-0.00167561339074239
314,314,4.625894922372276,-0.0019404646134044666,-0.0016452189930668177
315,315,4.643603474488086,-0.0019133408449792237,-0.001615163571750852
316,316,4.66109837673513,-0.0018865044502875041,-0.00158544542022604
317,317,4.678380898317749,-0.001859952629493255,-0.0015560628159231422
318,318,4.695452317377676,-0.0018336826303629247,-0.0015270140204866045
319,319,4.712313920755683,-0.0018076917468701776,-0.0014982972800019563
320,320,4.728967003752299,-0.0017819773178384484,-0.001469910825235071
321,321,4.745412869887652,-0.001756536725620543,-0.0014418528718823165
322,322,4.761652830660519,-0.0017313673948144996,-0.001414121620830712
323,323,4.777688205306634,-0.0017064667910149363,-0.0013867152584272748
324,324,4.793520320556342,-0.0016818324195991175,-0.001359631956756802
325,325,4.809150510391662,-0.0016574618245469778,-0.001332869873927405
326,326,4.824580115802839,-0.0016333525872943597,-0.0013064271543631527
327,327,4.839810484544473,-0.0016095023256187217,-0.0012803019291032427
328,328,4.8548429708912835,-0.0015859086925565956,-0.00125449231610715
329,329,4.869678935393614,-0.0015625693753520736,-0.0012289964205652508
330,330,4.884319744632739,-0.0015394820944356201,-0.0012038123352144515
331,331,4.898766770976077,-0.0015166446024325174,-0.0011789381406583862
332,332,4.913021392332374,-0.0014940546832002636,-0.0011543719056917735
333,333,4.927084991906959,-0.0014717101508942502,-0.0011301116876285466
334,334,4.940958957957148,-0.001449608849061065,-0.0011061555326334074
335,335,4.9546446835478815,-0.0014277486497587728,-0.0010825014760564567
336,336,4.968143566307693,-0.0014061274527035373,-0.0010591475427705894
337,337,4.981457008185073,-0.0013847431844419664,-0.0010360917475113515
338,338,4.994586415205344,-0.0013635937975485647,-0.001013332095218975
339,339,5.0075331972281,-0.0013426772698476972,-0.0009908665813823214
340,340,5.020298767705325,-0.0013219916036594748,-0.0009686931923844754
341,341,5.0328845434402485,-0.0013015348250689862,-0.0009468099058497468
342,342,5.04529194434705,-0.0012813049832183085,-0.0009252146909918435
343,343,5.057522393211468,-0.0012613001496207448,-0.0009039055089629939
344,344,5.069577315452417,-0.0012415184174967451,-0.0008828803132038025
345,345,5.081458138884682,-0.001221957901130976,-0.0008621370497936354
346,346,5.093166293482782,-0.0012026167352500187,-0.0008416736578013334
347,347,5.1047032111460675,-0.0011834930744201856,-0.0008214880696360667
348,348,5.116070325465144,-0.0011645850924649499,-0.0008015782113981404
349,349,5.127269071489692,-0.001145890981901502,-0.0007819420032295786
350,350,5.138300885497755,-0.0011274089533959489,-0.0007625773596643115
351,351,5.149167204766585,-0.001109137235236686,-0.0007434821899778002
352,352,5.159869467345098,-0.0010910740728254803,-0.0007246543985359366
353,353,5.170409111828027,-0.0010732177281858105,-0.0007060918851430624
354,354,5.180787577131836,-0.001055566479488025,-0.0006877925453889541
355,355,5.191006302272462,-0.0010381186205908808,-0.0006697542709946291
356,356,5.201066726144956,-0.0010208724605990389,-0.0006519749501568252
357,357,5.210970287305081,-0.0010038263234361017,-0.0006344524678910182
358,358,5.220718423752939,-0.0009869785474327824,-0.0006171847063728409
359,359,5.230312572718684,-0.0009703274849298097,-0.0006001695452777709
360,360,5.239754170450369,-0.0009538715018951755,-0.0005834048621189596
361,361,5.249044652004016,-0.0009376089775553426,-0.0005668885325830816
362,362,5.258185451035925,-0.0009215383040400391,-0.0005506184308640778
363,363,5.267177999597308,-0.0009056578860402711,-0.00053459242999468
364,364,5.276023727931285,-0.0008899661404791952,-0.0005188084021756014
365,365,5.284724064272291,-0.0008744614961954982,-0.0005032642191022806
366,366,5.293280434647955,-0.0008591423936389404,-0.00048795775228907784
367,367,5.301694262683479,-0.0008440072845777249,-0.0004728868733908107
368,368,5.30996696940858,-0.0008290546318173623,-0.00045804945452153746
369,369,5.318099973067024,-0.0008142829089307082,-0.00044344336857048226
370,370,5.326094688928798,-0.0007996905999988568,-0.0004290664895150163
371,371,5.333952529104958,-0.0007852761993625806,-0.00041491669273059596
372,372,5.341674902365193,-0.0007710382113840137,-0.0004009918552975746
373,373,5.34926321395813,-0.0007569751502182818,-0.0003872898563048023
374,374,5.356718865434428,-0.0007430855395947872,-0.0003738085771499294
375,375,5.3640432544726755,-0.0007293679126078666,-0.00036054590183633617
376,376,5.37123777470813,-0.0007158208115165424,-0.00034749971726661527
377,377,5.37830381556433,-0.0007024427875530948,-0.0003346679135325288
378,378,5.385242762087591,-0.0006892324007401904,-0.00032204838420137505
379,379,5.392055994784428,-0.0006761882197163035,-0.0003096390265986961
380,380,5.398744889461905,-0.000663308821569179,-0.00029743774208726165
381,381,5.405310817070946,-0.000650592791677084,-0.0002854424363422678
382,382,5.411755143552626,-0.0006380387235576064,-0.0002736510196226971
383,383,5.418079229687444,-0.0006256452187237612,-0.0002620614070387786
384,384,5.4242844309476075,-0.0006134108865471713,-0.00025067151881549973
385,385,5.430372097352333,-0.0006013343441280935,-0.00023947928055211942
386,386,5.436343573326173,-0.0005894142161720687,-0.00022848262347763466
387,387,5.442200197560388,-0.0005776491348729762,-0.00021767948470216114
388,388,5.447943302877355,-0.0005660377398022799,-0.00020706780746418017
389,389,5.45357421609803,-0.0005545786778042572,-0.0001966455413736196
390,390,5.45909425791247,-0.0005432706028970078,-0.00018641064265073224
391,391,5.464504742753409,-0.0005321121761790422,-0.00017636107436073663
392,392,5.469806978672888,-0.0005211020657412557,-0.00016649480664419013
393,393,5.475002267221956,-0.0005102389465840987,-0.00015680981694307173
394,394,5.480091903333415,-0.0004995215005397563,-0.00014730409022254342
395,395,5.485077175207627,-0.0004889484161991554,-0.00013797561918837248
396,396,5.489959364201358,-0.0004785183888436254,-0.00012882240449999232
397,397,5.494739744719678,-0.00046823012038103466,-0.00011984245497918648
398,398,5.499419584110885,-0.0004580823192862382,-0.0001110337878143801
399,399,5.504000142564454,-0.00044807370054566917,-0.00010239442876052622
400,400,5.508482673012009,-0.00043820298560591427,-9.39224123345764e-05
401,401,5.512868421031284,-0.00042846890232611594,-8.56157820065327e-05
402,402,5.517158624753094,-0.00041887018493404795,-7.747259038606868e-05
403,403,5.521354514771263,-0.0004094055739857157,-6.949089940472145e-05
404,404,5.525457314055522,-0.00040007381632833417,-6.166878049365101e-05
405,405,5.529468237867358,-0.00039087366506654326,-5.4004314756970996e-05
406,406,5.533388493678776,-0.0003818038795317203,-4.649559314065413e-05
407,407,5.537219281093981,-0.0003728632252542558,-3.914071659701177e-05
408,408,5.540961791773949,-0.0003640504739386606,-3.193779624476685e-05
409,409,5.54461720936386,-0.000355364403441376,-2.488495352471749e-05
410,410,5.548186709423388,-0.00034680379775116295,-1.79803203510106e-05
411,411,5.551671459359804,-0.000338367446971947,-1.122203925803711e-05
412,412,5.5550726183639,-0.0003300541473080028,-4.608263542962756e-06
413,413,5.558391337348667,-0.00032186270105136124,1.8628425960877815e-06
414,414,5.561628758890746,-0.00031379191657132806,8.193103926173095e-06
415,415,5.564786017174597,-0.0003058406083060046,1.4384334049985905e-05
416,416,5.567864237939369,-0.0002980075967557047,2.043833528058846e-05
417,417,5.570864538428448,-0.0002902917084781644,2.6356898520409934e-05
418,418,5.573788027341645,-0.00028269177608544494,3.2141803144477427e-05
419,419,5.576635804790003,-0.00027520663824243065,3.779481688785842e-05
420,420,5.579408962253199,-0.0002678351396668277,4.331769573728372e-05
421,421,5.582108582539491,-0.0002605761311305723,4.871218382692072e-05
422,422,5.584735739748205,-0.00025342846946255806,5.398001333826682e-05
423,423,5.587291499234713,-0.00024639101755259663,5.912290440413101e-05
424,424,5.589776917577877,-0.00023946264435652803,6.414256501666962e-05
425,425,5.592193042549932,-0.00023264222490239814,6.904069093944111e-05
426,426,5.594540913088761,-0.00022592864029762544,7.381896562344385e-05
427,427,5.596821559272549,-0.00021932077773708004,7.847906012710057e-05
428,428,5.599036002296768,-0.00021281753051200072,8.302263304014925e-05
429,429,5.6011852544534655,-0.00020641779801967874,8.745133041140473e-05
430,430,5.603270319112821,-0.00020012048577383853,9.176678568034854e-05
431,431,5.605292190706939,-0.00019392450541564802,9.597061961250336e-05
432,432,5.60725185471584,-0.00018782877472529427,0.00010006444023855717
433,433,5.609150287655622,-0.0001818322176340607,0.00010404984279718484
434,434,5.6109884570687445,-0.00017593376423684576,0.0001079284096815326
435,435,5.612767321516421,-0.00017013235080506472,0.00011170171038931407
436,436,5.614487830573062,-0.000164426919799877,0.00011537130147647721
437,437,5.61615092482275,-0.0001588164198856859,0.00011893872651439256
438,438,5.617757535857699,-0.00015329980594385665,0.00012240551605052058
439,439,5.619308586278675,-0.00014787603908660347,0.00012577318757250747
440,440,5.620804989697333,-0.00014254408667099577,0.0001290432454756625
441,441,5.622247650740437,-0.00013730292231303726,0.00013221718103376958
442,442,5.623637465055931,-0.00013215152590177233,0.0001352964723731879
443,443,5.624975319320815,-0.00012708888361337656,0.00013828258445018312
444,444,5.626262091250807,-0.00012211398792518976,0.00014117696903144885
445,445,5.627498649611736,-0.00011722583762965119,0.00014398106467776667
446,446,5.628685854232652,-0.00011242343784809894,0.0001466962967307504
447,447,5.629824556020592,-0.00010770580004439671,0.0001493240773026293
448,448,5.630915596976993,-0.00010307194203835261,0.0001518658052690172
449,449,5.631959810215691,-9.852088801889657e-05,0.00015432286626461574
450,450,5.632958019982498,-9.405166855698416e-05,0.00015669663268180452
451,451,5.633911041676289,-8.96633206181961e-05,0.00015898846367206091
452,452,5.634819681871605,-8.53548875750044e-05,0.00016119970515016645
453,453,5.635684738342689,-8.112541921867713e-05,0.0001633316898011401
454,454,5.636507000088966,-7.697397177079537e-05,0.0001653857370898517
455,455,5.637287247361906,-7.28996078943574e-05,0.00016736315327326346
456,456,5.638026251693233,-6.890139670444604e-05,0.0001692652314152479
457,457,5.638724775924471,-6.497841377843666e-05,0.00017109325140393
458,458,5.63938357423776,-6.112974116572466e-05,0.00017284847997150435
459,459,5.640003392187939,-5.735446739695199e-05,0.00017453217071647115
460,460,5.640584966735841,-5.365168749271407e-05,0.00017614556412824667
461,461,5.641129026282779,-5.002050297172901e-05,0.00017768988761409222
462,462,5.641636290706182,-4.646002185845258e-05,0.00017916635552831157
463,463,5.642107471396355,-4.296935869012322e-05,0.00018057616920366757
464,464,5.642543271294329,-3.9547634523222464e-05,0.00018192051698496625
465,465,5.642944384930766,-3.619397693933734e-05,0.00018320057426475804
466,466,5.643311498465891,-3.290752005041205e-05,0.00018441750352110684
467,467,5.643645289730416,-2.9687404503377363e-05,0.00018557245435737698
468,468,5.643946428267427,-2.653277748414703e-05,0.00018666656354398713
469,469,5.644215575375213,-2.3442792720971524e-05,0.00018770095506208352
470,470,5.64445338415098,-2.0416610487140152e-05,0.00018867674014908463
471,471,5.6446604995354495,-1.7453397603023548e-05,0.0001895950173460444
472,472,5.644837558358298,-1.4552327437449383e-05,0.0001904568725467912
473,473,5.644985189384406,-1.1712579908404863e-05,0.00019126337904879095
474,474,5.645104013360892,-8.933341483060459e-06,0.00019201559760568805
475,475,5.645194643064904,-6.2138051771100035e-06,0.00019271457648147874
476,476,5.645257683352136,-3.5531705534230294e-06,0.00019336135150626482
477,477,5.645293731206047,-9.50643720006011e-07,0.0001939569461335501
478,478,5.64530337578775,1.5945626727302903e-06,0.00019450237149902494
479,479,5.645287198486544,4.083229435399358e-06,0.0001949986264808013
480,480,5.6452457729710686,6.516130843764791e-06,0.00019544669776104485
481,481,5.645179665241045,8.894034643564254e-06,0.00019584755988896925
482,482,5.645089433679592,1.1217702056031748e-05,0.0001962021753451422
483,483,5.6449756291060735,1.3487887784117803e-05,0.0001965114946070605
484,484,5.644838794829462,1.5705340019406643e-05,0.0001967764562159531
485,485,5.644679466702201,1.787080044972887e-05,0.00019699798684476928
486,486,5.644498173174526,1.9985004267467648e-05,0.00019717700136730946
487,487,5.644295435349227,2.2048680178555978e-05,0.0001973144029284563
488,488,5.644071767036838,2.406255041216201e-05,0.00019741108301546753
489,489,5.643827674811212,2.6027330731059035e-05,0.0001974679215302874
490,490,5.643563658065477,2.7943730442676295e-05,0.00019748578686284123
491,491,5.643280209068337,2.9812452410826326e-05,0.00019746553596526628
492,492,5.642977813020704,3.163419306810413e-05,0.0001974080144270503
493,493,5.6426569481126405,3.340964242895318e-05,0.00019731405655102957
494,494,5.642318085580579,3.513948410339274e-05,0.00019718448543021576
495,495,5.641961689764812,3.6824395311400725e-05,0.00019702011302541304
496,496,5.641588218167231,3.8465046897946076e-05,0.00019682174024358498
497,497,5.641198121509281,4.006210334866403e-05,0.00019659015701694238
498,498,5.640791843790125,4.161622280616768e-05,0.00019632614238270928
499,499,5.640369822344996,4.3128057086988705e-05,0.00019603046456353828
500,500,5.639932487903715,4.459825169913999e-05,0.00019570388104853684
501,501,5.63948026464935,4.6027445860292464e-05,0.00019534713867487433
502,502,5.639013570277023,4.741627251655852e-05,0.00019496097370993266
503,503,5.638532816052809,4.876535836187368e-05,0.00019454611193397324
504,504,5.638038406872747,5.0075323857968496e-05,0.00019410326872328228
505,505,5.637530741321924,5.134678325492195e-05,0.00019363314913376905
506,506,5.637010211733617,5.25803446122879e-05,0.0001931364479849805
507,507,5.63647720424849,5.377660982078544e-05,0.0001926138499445092
508,508,5.6359320988738135,5.493617462454443e-05,0.00019206602961275568
509,509,5.635375269542703,5.6059628643896636e-05,0.0001914936516080241
510,510,5.634807084173353,5.714755539870353e-05,0.00019089737065192038
511,511,5.634227904728267,5.82005323322109e-05,0.00019027783165502217
512,512,5.633638087273442,5.921913083542092e-05,0.00018963566980279532
513,513,5.633037982037524,6.0203916271971734e-05,0.0001889715106417316
514,514,5.632427933470898,6.115544800351495e-05,0.00018828597016567832
515,515,5.631808280304711,6.20742794155809e-05,0.00018757965490233592
516,516,5.631179355609815,6.296095794392174e-05,0.00018685316199989815
517,517,5.630541486855604,6.381602510132239e-05,0.00018610707931380837
518,518,5.629894995968757,6.464001650486883e-05,0.00018534198549361195
519,519,5.629240199391849,6.543346190366406e-05,0.00018455845006987615
520,520,5.628577408141835,6.619688520698085e-05,0.00018375703354115802
521,521,5.627906927868392,6.693080451284138e-05,0.0001829382874609976
522,522,5.627229058912109,6.763573213701331e-05,0.0001821027545249104
523,523,5.626544096362501,6.831217464241181e-05,0.00018125096865736438
524,524,5.625852330115865,6.896063286889725e-05,0.00018038345509871468
525,525,5.625154044932935,6.958160196345811e-05,0.00017950073049207826
526,526,5.624449520496351,7.017557141076868e-05,0.00017860330297012647
527,527,5.623739031467924,7.07430250641111e-05,0.00017769167224178178
528,528,5.623022847545679,7.128444117665149e-05,0.00017676632967879064
529,529,5.622301233520686,7.180029243305948e-05,0.00017582775840216175
530,530,5.621574449333652,7.22910459814611e-05,0.00017487643336844684
531,531,5.620842750131279,7.275716346571439e-05,0.00017391282145585193
532,532,5.620106386322371,7.319910105799761e-05,0.0001729373815501532
533,533,5.619365603633683,7.361730949169967e-05,0.00017195056463041244
534,534,5.618620643165514,7.401223409460254e-05,0.00017095281385446325
535,535,5.617871741447026,7.43843148223455e-05,0.0001699445646441641
536,536,5.617119130491285,7.4733986292161e-05,0.00016892624477039407
537,537,5.616363037850018,7.50616778168721e-05,0.0001678982744377825
538,538,5.615603686668084,7.536781343914147e-05,0.00016686106636915315
539,539,5.614841295737642,7.565281196596193e-05,0.00016581502588967553
540,540,5.614076079552017,7.591708700337866e-05,0.00016476055101070073
541,541,5.6133082483592665,7.61610469914333e-05,0.0001636980325132784
542,542,5.6125380082154175,7.638509523932009e-05,0.00016262785403133528
543,543,5.611765561037399,7.658962996074444e-05,0.00016155039213450553
544,544,5.610991104655638,7.67750443094744e-05,0.00016046601641060286
545,545,5.610214832866335,7.694172641507538e-05,0.00015937508954771778
546,546,5.609436935483399,7.709005941881883e-05,0.00015827796741593432
547,547,5.608657598390048,7.722042150975551e-05,0.00015717499914865308
548,548,5.6078770035900645,7.73331859609441e-05,0.00015606652722350949
549,549,5.607095329258705,7.742872116582613e-05,0.00015495288754287912
550,550,5.6063127497932586,7.750739067473791e-05,0.00015383440951395968
551,551,5.605529435863249,7.756955323155095e-05,0.00015271141612842082
552,552,5.604745554460282,7.761556281043164e-05,0.00015158422404160923
553,553,5.603961268947533,7.764576865271177e-05,0.00015045314365130878
554,554,5.603176739108858,7.7660515303861e-05,0.00014931847917603854
555,555,5.60239212119756,7.766014265055296e-05,0.0001481805287328864
556,556,5.601607567984759,7.764498595781666e-05,0.00014703958441486726
557,557,5.600823228807413,7.761537590626451e-05,0.00014589593236780368
558,558,5.600039249615948,7.757163862938935e-05,0.0001447498528667141
559,559,5.5992557730215164,7.75140957509219e-05,0.00014360162039171037
560,560,5.598472938342876,7.744306442224108e-05,0.00014245150370339218
561,561,5.597690881652891,7.735885735982916e-05,0.0001412997659177358
562,562,5.596909735824642,7.726178288276399e-05,0.00014014666458046993
563,563,5.596129630577159,7.7152144950241e-05,0.00013899245174093318
564,564,5.5953506925207614,7.703024319911711e-05,0.00013783737402540898
565,565,5.5945730452020195,7.68963729814695e-05,0.00013668167270993207
566,566,5.593796809148316,7.675082540216188e-05,0.00013552558379256317
567,567,5.593022101912028,7.659388735641116e-05,0.00013436933806512414
568,568,5.5922490381143115,7.64258415673475e-05,0.00013321316118439556
569,569,5.591477729488498,7.624696662356095e-05,0.00013205727374276575
570,570,5.590708284923096,7.605753701662788e-05,0.00013090189133833376
571,571,5.589940810504401,7.585782317861052e-05,0.000129747224644459
572,572,5.589175409558715,7.564809151952323e-05,0.0001285934794787566
573,573,5.588412182694166,7.542860446475899e-05,0.0001274408568715335
574,574,5.587651227842141,7.519962049246996e-05,0.00012628955313366574
575,575,5.586892640298318,7.496139417089586e-05,0.00012513975992390963
576,576,5.5861365127633125,7.471417619563429e-05,0.0001239916643156504
577,577,5.5853829353829205,7.445821342684689e-05,0.00012284544886308267
578,578,5.584631995787974,7.419374892639579e-05,0.00012170129166681884
579,579,5.583883779133804,7.392102199490454e-05,0.0001205593664389301
580,580,5.5831383681393065,7.364026820873802e-05,0.00011941984256741422
581,581,5.582395843125618,7.335171945689595e-05,0.00011828288518008824
582,582,5.581656282054401,7.30556039778147e-05,0.00011714865520790689
583,583,5.580919760565735,7.275214639607211e-05,0.00011601730944770525
584,584,5.580186352015616,7.244156775899049e-05,0.00011488900062436706
585,585,5.579456127513077,7.21240855731325e-05,0.00011376387745241261
586,586,5.578729155956905,7.179991384068556e-05,0.00011264208469701246
587,587,5.578005504071978,7.146926309572959e-05,0.00011152376323442085
588,588,5.577285236445217,7.113234044038382e-05,0.00011040905011183515
589,589,5.576568415561149,7.078934958082809e-05,0.0001092980786066729
590,590,5.575855101837085,7.044049086319414e-05,0.0001081909782852759
591,591,5.5751453536579225,7.008596130932287e-05,0.00010708787506103542
592,592,5.574439227410554,6.972595465238326e-05,0.00010598889125194117
593,593,5.573736777517905,6.936066137234891e-05,0.00010489414563755574
594,594,5.573038056472592,6.899026873132841e-05,0.00010380375351541106
595,595,5.572343114870199,6.861496080874554e-05,0.0001027178267568353
596,596,5.57165200144218,6.823491853636577e-05,0.00010163647386220317
597,597,5.570964763088392,6.785031973316526e-05,0.0001005598000156161
598,598,5.570281444909249,6.746133914003914e-05,9.948790713901093e-05
599,599,5.56960209023751,6.70681484543453e-05,9.842089394570186e-05
600,600,5.568926740669694,6.667091636428079e-05,9.735885599335093e-05
601,601,5.568255436097136,6.626980858308733e-05,9.630188573637685e-05
602,602,5.567588214736665,6.586498788308304e-05,9.525007257779649e-05
603,603,5.566925113160932,6.545661412951732e-05,9.420350292050402e-05
604,604,5.566266166328369,6.504484431424593e-05,9.316226021799227e-05
605,605,5.565611407612792,6.462983258922367e-05,9.212642502451308e-05
606,606,5.564960868832646,6.421173029981175e-05,9.109607504468177e-05
607,607,5.564314580279893,6.379068601789733e-05,9.007128518252901e-05
608,608,5.56367257074855,6.336684557482277e-05,8.905212758999787e-05
609,609,5.563034867562875,6.294035209412217e-05,8.803867171489304e-05
610,610,5.562401496605205,6.251134602406273e-05,8.703098434828483e-05
611,611,5.5617724823434465,6.207996516998887e-05,8.602912967136463e-05
612,612,5.561147847858221,6.164634472646688e-05,8.503316930176118e-05
613,613,5.560527614869674,6.12106173092281e-05,8.404316233931691e-05
614,614,5.559911803763936,6.077291298690852e-05,8.305916541132712e-05
615,615,5.559300433619253,6.0333359312583064e-05,8.208123271724534e-05
616,616,5.55869352223178,5.9892081355092675e-05,8.11094160728578e-05
617,617,5.558091086141042,5.944920173016251e-05,8.014376495393176e-05
618,618,5.557493140655062,5.900484063130956e-05,7.918432653933566e-05
619,619,5.556899699875165,5.8559115860538184e-05,7.823114575363855e-05
620,620,5.55631077672046,5.811214285882203e-05,7.728426530919123e-05
621,621,5.555726382951987,5.766403473637096e-05,7.634372574768979e-05
622,622,5.555146529196557,5.721490230268165e-05,7.540956548122849e-05
623,623,5.554571224970267,5.676485409637058e-05,7.448182083284239e-05
624,624,5.5540004787016946,5.631399641478827e-05,7.356052607654265e-05
625,625,5.553434297754797,5.5862433343413624e-05,7.264571347684952e-05
626,626,5.55287268845148,5.5410266785027324e-05,7.173741332782693e-05
627,627,5.552315656093869,5.495759648866339e-05,7.083565399161997e-05
628,628,5.551763204986277,5.450452007833787e-05,6.994046193649914e-05
629,629,5.55121533845686,5.405113308155391e-05,6.905186177441625e-05
630,630,5.55067205887898,5.3597528957582476e-05,6.816987629807325e-05
631,631,5.550133367692272,5.314379912551787e-05,6.729452651751087e-05
632,632,5.549599265423405,5.269003299210756e-05,6.642583169621597e-05
633,633,5.549069751706562,5.223631797935568e-05,6.55638093867547e-05
634,634,5.548544825303624,5.1782739551899605e-05,6.470847546593455e-05
635,635,5.548024484124069,5.1329381244159265e-05,6.385984416949764e-05
636,636,5.5475087252445805,5.087632468725875e-05,6.301792812635058e-05
637,637,5.546997544928385,5.042364963571983e-05,6.218273839233234e-05
638,638,5.546490938644296,4.997143399392716e-05,6.135428448352507e-05
639,639,5.545988901085492,4.9519753842364804e-05,6.0532574409113884e-05
640,640,5.545491426188013,4.906868346362416e-05,5.9717614703793005e-05
641,641,5.544998507148991,4.861829536818286e-05,5.890941045973001e-05
642,642,5.544510136444604,4.816866031995478e-05,5.810796535808487e-05
643,643,5.544026305847766,4.771984736161101e-05,5.73132817000921e-05
644,644,5.543547006445561,4.727192383967193e-05,5.652536043770787e-05
645,645,5.543072228656397,4.6824955429370335e-05,5.5744201203825235e-05
646,646,5.542601962246922,4.637900615928581e-05,5.496980234206256e-05
647,647,5.542136196348664,4.593413843575048e-05,5.4202160936131115e-05
648,648,5.541674919474435,4.549041306702642e-05,5.344127283877717e-05
649,649,5.541218119534467,4.504788928725486e-05,5.2687132700314976e-05
650,650,5.540765783852314,4.4606624780177585e-05,5.193973399674184e-05
651,651,5.540317899180492,4.4166675702630794e-05,5.11990690574486e-05
652,652,5.539874451715891,4.3728096707811856e-05,5.046512909252527e-05
653,653,5.5394354271149355,4.329094096831939e-05,4.973790421966269e-05
654,654,5.539000810508509,4.285526019896702e-05,4.901738349066126e-05
655,655,5.538570586516641,4.2421104679371446e-05,4.8303554917544615e-05
656,656,5.538144739262961,4.1988523276315235e-05,4.7596405498282314e-05
657,657,5.537723252388928,4.155756346588502e-05,4.6895921242130247e-05
658,658,5.537306109067817,4.1128271355385586e-05,4.620208719458745e-05
659,659,5.536893292018489,4.070069170503059e-05,4.5514887461973455e-05
660,660,5.536484783518937,4.027486794941048e-05,4.483430523563397e-05
661,661,5.536080565419606,3.985084221873846e-05,4.416032281577293e-05
662,662,5.535680619156501,3.942865535987505e-05,4.349292163492052e-05
663,663,5.535284925764069,3.900834695713214e-05,4.2832082281036394e-05
664,664,5.534893465887873,3.858995535285731e-05,4.217778452025411e-05
665,665,5.534506219797055,3.817351766779918e-05,4.153000731926793e-05
666,666,5.534123167396587,3.775906982125468e-05,4.0888728867370964e-05
667,667,5.533744288239316,3.734664655099914e-05,4.025392659814226e-05
668,668,5.5333695615378025,3.6936281433000006e-05,3.9625577210790396e-05
669,669,5.532998966175958,3.6528006900915284e-05,3.900365669115471e-05
670,670,5.532632480720486,3.612185426537741e-05,3.838814033237082e-05
671,671,5.532270083432121,3.57178537330638e-05,3.7779002755202254e-05
672,672,5.531911752276672,3.531603442555483e-05,3.7176217928039856e-05
673,673,5.531557464935876,3.491642439798048e-05,3.657975918657636e-05
674,674,5.531207198818058,3.451905065745646e-05,3.598959925315854e-05
675,675,5.530860931068608,3.412393918131111e-05,3.5405710255819725e-05
676,676,5.5305186385802605,3.373111493510399e-05,3.4828063746992696e-05
677,677,5.530180298003205,3.3340601890437294e-05,3.425663072191662e-05
678,678,5.529845885755001,3.2952423042561274e-05,3.369138163673087e-05
679,679,5.529515378030323,3.2566600427774746e-05,3.313228642626504e-05
680,680,5.529188750810523,3.2183155140621825e-05,3.2579314521525606e-05
681,681,5.5288659798730215,3.180210735088611e-05,3.203243486688662e-05
682,682,5.528547040800523,3.1423476320383486e-05,3.149161593698287e-05
683,683,5.528231908990059,3.104728041955468e-05,3.095682575331464e-05
684,684,5.52792055966187,3.06735371438589e-05,3.0428031900561498e-05
685,685,5.527612967868108,3.0302263129969726e-05,2.990520154261202e-05
686,686,5.527309108501391,2.993347417177444e-05,2.9388301438313747e-05
687,687,5.52700895630318,2.956718523617816e-05,2.8877297956943692e-05
688,688,5.526712485872006,2.920341047871397e-05,2.837215709340364e-05
689,689,5.52641967167153,2.884216325896037e-05,2.7872844483145705e-05
690,690,5.526130488038457,2.8483456155767254e-05,2.737932541682902e-05
691,691,5.5258449091902895,2.812730098229185e-05,2.6891564854710772e-05
692,692,5.525562909232928,2.7773708800845796e-05,2.6409527440777493e-05
693,693,5.525284462168123,2.7422689937554756e-05,2.5933177516615676e-05
694,694,5.525009541900783,2.707425399683189e-05,2.546247913502806e-05
695,695,5.5247381222461245,2.672840987566646e-05,2.49973960733999e-05
696,696,5.524470176936697,2.6385165777728996e-05,2.4537891846811936e-05
697,697,5.524205679629245,2.6044529227294326e-05,2.4083929720912717e-05
698,698,5.523944603911441,2.5706507082983833e-05,2.3635472724543687e-05
699,699,5.523686923308481,2.5371105551328303e-05,2.3192483662127497e-05
700,700,5.523432611289536,2.5038330200152753e-05,2.2754925125818663e-05
701,701,5.523181641274076,2.4708185971784577e-05,2.232275950742155e-05
702,702,5.522933986638054,2.4380677196086442e-05,2.1895949010075676e-05
703,703,5.5226896207199685,2.4055807603315266e-05,2.1474455659717265e-05
704,704,5.522448516826785,2.373358033680871e-05,2.1058241316311782e-05
705,705,5.5222106482397395,2.3413997965500546e-05,2.064726768486835e-05
706,706,5.521975988220012,2.309706249626632e-05,2.024149632623342e-05
707,707,5.521744510014276,2.2782775386100697e-05,1.984088866766997e-05
708,708,5.5215161868601275,2.2471137554127887e-05,1.9445406013222054e-05
709,709,5.521290991991392,2.2162149393446577e-05,1.9055009553871393e-05
710,710,5.521068898643312,2.185581078281074e-05,1.866966037748427e-05
711,711,5.5208498800576224,2.1552121098147765e-05,1.82893194785557e-05
712,712,5.520633909487501,2.1251079223915294e-05,1.791394776775126e-05
713,713,5.520420960202417,2.0952683564298178e-05,1.7543506081249462e-05
714,714,5.520211005492857,2.0656932054246964e-05,1.7177955189888938e-05
715,715,5.520004018674947,2.036382217035935e-05,1.6817255808120046e-05
716,716,5.5197999730949645,2.0073350941605924e-05,1.6461368602767833e-05
717,717,5.51959884213374,1.978551495990176e-05,1.611025420160633e-05
718,718,5.5194005992109565,1.9500310390525097e-05,1.5763873201745087e-05
719,719,5.519205217789345,1.9217732982384657e-05,1.5422186177835046e-05
720,720,5.519012671378774,1.8937778078136895e-05,1.5085153690092522e-05
